sample_id,row_id,title,text,rating,actual_sentiment,predicted_sentiment,correct,verified_purchase,helpful_vote,llm_emotion
1,836,Great gift card for friends in holiday season,Great design of gift card for friends to eat some chipotle food in holiday season. Easy to use.,5.0,POSITIVE,POSITIVE,True,True,2,JOY
2,3319,I gave these as christmas gifts to my nieces and ...,I gave these as christmas gifts to my nieces and nephews. They appreciated the gift and credit card of their own feel. Unfortunately Auntie was expected to take them to the movies and provide a meal with this gift.,3.0,NEUTRAL,NEUTRAL,True,True,0,SADNESS
3,4219,Do not buy,"This is a scam - can't be used for Spotify, it's a joke",1.0,NEGATIVE,NEGATIVE,True,False,0,ANGER
4,9320,Need be more Attractive!!!,Can be a little more attractive for kids.,3.0,NEUTRAL,NEGATIVE,False,True,1,ANGER
5,11101,Gift card,Easy to use and reload,3.0,NEUTRAL,POSITIVE,False,True,0,JOY
6,11345,Amazing,He loved it!,5.0,POSITIVE,POSITIVE,True,True,0,JOY
7,11607,As expected,As expected,3.0,NEUTRAL,NEUTRAL,True,True,0,TRUST
8,12466,Good value,Good value,3.0,NEUTRAL,POSITIVE,False,True,0,JOY
9,14529,Excellent,Loved it,5.0,POSITIVE,POSITIVE,True,True,0,JOY
10,15284,"These are handy for tough to buy for folks.  Not very personal, but it does allow them to make their own purchases.","These are handy for tough to buy for folks.  Not very personal, but it does allow them to make their own purchases.",2.0,NEGATIVE,POSITIVE,False,True,0,JOY
11,17623,Cute Box,Who doesn't love an amazon card,5.0,POSITIVE,POSITIVE,True,False,0,JOY
12,18871,Don’t expect this card to function like a typical Visa,Don’t buy this card. This card doesn’t work with Apple Wallet (cannot get added). It doesn’t work at gas station either. I ended up adding it back to my Amazon account.,1.0,NEGATIVE,NEGATIVE,True,True,3,ANGER
13,22438,Ok,Ok,3.0,NEUTRAL,NEUTRAL,True,True,0,TRUST
14,22975,Great for spending. Not great for sinking in jello,"I put this gift card in jello for my sisters-in-laws birthday... the tin floats. Man did i not see that coming. If you buy this to put it in jello, maybe get some rocks for the inside. Otherwise it will float. Clearly a stapler is easier to use. The card spends great tho! Highly recommend if you don’t need to put in jello... also still recommend if you do need to put it in jello.",5.0,POSITIVE,POSITIVE,True,True,1,SURPRISE
15,23069,Love the iTunes but no good 😢,"The numbers & letters is wrong I want a new<br />$200.00 card. Because the one I have look like someone had used it. I scratch it off but someone<br />knew the numbers, letters I was the one scratch it off",1.0,NEGATIVE,NEGATIVE,True,True,4,SADNESS
16,26928,False advertising,Ripp off. The offer was  $50.00 for $40.00 and the charged the $50.00. Dont fall for it. The cards did arrive timely but not at the price avertized.,1.0,NEGATIVE,NEGATIVE,True,False,0,ANGER
17,27652,Always a hit,Great gift,5.0,POSITIVE,POSITIVE,True,True,0,JOY
18,29776,damaged,"Bought this as a gift for my grandson's birthday.  The gift card looks OK, but the Happy Birthday gift card holder was ripped and looks awful.  I'll have to tape it together, which will make for a lousy presentation.  Disappointing.",1.0,NEGATIVE,NEGATIVE,True,True,6,ANGER
19,31152,Five Stars,Great gift,5.0,POSITIVE,POSITIVE,True,True,0,JOY
20,31200,For those sewers in your life.,Great gift card for those crafty people on your list.,5.0,POSITIVE,POSITIVE,True,True,0,JOY
21,32438,Gift card,Excellent seller and product,5.0,POSITIVE,POSITIVE,True,True,0,JOY
22,33987,Auto-Renewal caused a big problem,"Even though the price was great, I can't recommend purchasing Office 365 through Amazon.  Cancelling the auto-renewal was easy but in the eyes of MS, my office account was locked to Amazon.  Took lengthy phone calls with MS support over several weeks to resolve.",1.0,NEGATIVE,NEGATIVE,True,True,0,ANGER
23,34148,Not a Bear.  Tradition Ruined,I've been getting the Amazon Gund bear every year.  This year the bear was replaced by socks.  Very sad end to a great tradition from the Amazon promotion team..,1.0,NEGATIVE,NEGATIVE,True,True,8,SADNESS
24,35757,Almost threw it in the trash! Needs better labeling on outside envelope.,"I love Amazon and shop continuously on it.  I bought a gift card for my mom for Xmas and the tracking info actually said I would get it one day earlier than the other products I ordered at the same time.  So when a non descript sealed envelope came in a box with something else I tossed it on the counter thinking it was junk mail like so many other companies send with their products.  I actually forgot about the GC as I expected it to come snail mail solo.  So this envelope sat for a few days and as I was tossing it into the recycle bin I decided to tear it open.  What to my surprise was inside but another envelope, the holiday card and gift card.  Wow was I surprised.  Since the outside envelope is just packaging it should be better labeled as to the contents.",3.0,NEUTRAL,POSITIVE,False,True,0,SURPRISE
25,37502,Works,What else can I say? It works!,5.0,POSITIVE,POSITIVE,True,True,0,JOY
26,37839,Five Stars,just what i asked for,5.0,POSITIVE,POSITIVE,True,True,1,JOY
27,38692,Great gift to me,The design is cool. Overall GOOD.,3.0,NEUTRAL,POSITIVE,False,True,3,JOY
28,39071,Cute,Really cute for a birthday present.,5.0,POSITIVE,POSITIVE,True,True,0,JOY
29,40023,One Star,works fine,1.0,NEGATIVE,POSITIVE,False,True,0,TRUST
30,41362,Ease of  use.,It is so easy load. No problems at all.,4.0,POSITIVE,POSITIVE,True,True,0,JOY
31,43306,Five Stars,Perfect gift for anyone.,5.0,POSITIVE,POSITIVE,True,True,0,JOY
32,46714,works but could be simpler,works but could be simpler to use,3.0,NEUTRAL,NEUTRAL,True,True,0,TRUST
33,47095,Don’t travel with Amazon credits.,I tried to add some funds to purchase a movie and it let me add the funds but not use them to purchase the movies because I was out of the country when attempting this.  So I’ll go back to using Netflix which works wherever I go.,1.0,NEGATIVE,NEGATIVE,True,True,0,ANGER
34,47495,To give a Christmas gift card in June someone screwed up. I asked for a different card front,Wrong card.  I’ll keep this for Christmas,1.0,NEGATIVE,NEGATIVE,True,True,0,ANGER
35,48445,an easy way to add money to my account,a thumbs up,5.0,POSITIVE,POSITIVE,True,True,0,JOY
36,49111,Easy gift giving,Nice,5.0,POSITIVE,POSITIVE,True,True,0,JOY
37,52024,Filling a leaky bucket,"The process is easy, which is good because Kindle raids that balance first.  When you go back later to use the balance, it's reduced or gone.",3.0,NEUTRAL,NEGATIVE,False,True,0,ANGER
38,52979,Awesome,Great deal,5.0,POSITIVE,POSITIVE,True,True,0,JOY
39,57342,Never received $5. bonus promised when purchased.,"Hi,  First, I never received the $5. bonus that I was supposed to get in November.  Second, I purchased these as Christmas gifts and because of all the reviews from people who had problems cashing the cards in, I was afraid to give them to anyone else.  I ended up applying all 3 cards to my own Amazon account.  Thank goodness they all worked but I couldn't use them as gifts.  Third, the area on the back that you are supposed to &#34;scratch&#34; off was very difficult to remove and on one card, one of the letters beneath it was almost removed as well.  I had to try a couple of times before I got the right letter & the card finally was approved.  I would not take a chance on an &#34;offer&#34; like this from Amazon again.",1.0,NEGATIVE,NEGATIVE,True,True,5,ANGER
40,59472,Great gift box,Loved the free gift box,5.0,POSITIVE,POSITIVE,True,True,0,JOY
41,63279,Box was crushed.,The box was in terrible shape. I could not use it with the gift card.🙁,1.0,NEGATIVE,NEGATIVE,True,True,0,ANGER
42,63708,Details unclear,An attractive offer but i did not understand that the bonus would only apply to an order shipped directly from Amazon,3.0,NEUTRAL,NEGATIVE,False,True,1,SURPRISE
43,63860,"ill try most things, once",glad to get a ten dollar reward to try it out.,3.0,NEUTRAL,POSITIVE,False,True,0,JOY
44,64683,misleading,"Figured out that this whole mess was because there were more than a card in some of the boxes (one worked, the other not).",3.0,NEUTRAL,NEGATIVE,False,True,0,ANGER
45,66165,"It's not the product, it's how the package was handled/delivered",The gift cards are great. The only reason for the 3star review is how I got my package.... All of the tin Santa cases for the gift cards are all dented... The package I received had over 9 delivery stickers on it and was delayed for more than 6 days. There was no weather problems during those days....,3.0,NEUTRAL,NEUTRAL,True,False,0,ANGER
46,66453,There was zero balance on card! It was supose to be $25.000 gift card!,There was zero balance on gift card! It should have been $25.00. She went to use it and there was supose to be a  card with it and no card to say who was from! This needs to be corrected. .,3.0,NEUTRAL,NEGATIVE,False,True,0,ANGER
47,66678,Fast and easy.,A last minute gift for Christmas.,5.0,POSITIVE,POSITIVE,True,True,0,JOY
48,67364,Pretty but too thin,It is too thin as I thought,3.0,NEUTRAL,NEGATIVE,False,True,0,SADNESS
49,67518,Four Stars,I liked the design.  It was easy to obtain and didn't need additional gift wrapping.,4.0,POSITIVE,POSITIVE,True,True,0,JOY
50,69248,Convenient,The presentation tin was very nice.,5.0,POSITIVE,POSITIVE,True,True,0,JOY
51,71139,Pretty,Basic gift card,5.0,POSITIVE,NEUTRAL,False,True,0,JOY
52,71162,Three Stars,1,3.0,NEUTRAL,NEUTRAL,True,True,0,TRUST
53,72345,Thank,Thank,5.0,POSITIVE,POSITIVE,True,True,0,JOY
54,73795,Perfect Gift,Perfect gift for someone who has most everything.,5.0,POSITIVE,POSITIVE,True,True,0,JOY
55,75279,Just a gift card,Just a gift card,3.0,NEUTRAL,NEUTRAL,True,True,0,TRUST
56,78562,It was supposed to be for mother's day and I received one that looked more like it was intended for a birthday,"I received the wrong card. It was supposed to be for mother's day and I received one that looked more like it was intended for a birthday, with balloons and such on it.",2.0,NEGATIVE,NEGATIVE,True,True,1,ANGER
57,79123,Arrived in 2 days 👍,Quick delivery and great gift for friend traveling,5.0,POSITIVE,POSITIVE,True,True,0,JOY
58,80207,Service,My card was all damaged and the outside envelope came later then said,3.0,NEUTRAL,NEGATIVE,False,True,1,ANGER
59,80294,good stuff,loved the packaging. Makes giving a gift card much better.,5.0,POSITIVE,POSITIVE,True,True,0,JOY
60,81266,its gift card,"its a gift card, not even sure why Amazon wants me to review it. It was a pain as I had credit card gift card I wanted to use and pay the remainder on my debit card, Amazon said ""no"". So I had to buy this gift card with the other gift card so I could buy my gift and pay the difference on my own card, what a pain.",3.0,NEUTRAL,NEGATIVE,False,True,0,ANGER
61,83032,Gift cards are neat,They're gift cards. Woohoo you payed to put money on a card. I know I did it. It was for good reason though.,5.0,POSITIVE,POSITIVE,True,True,0,JOY
62,84579,Hassle free Christmas,I’m happy with my purchase. It made giving Christmas gifts so much easier to just buy this gift card online and get it delivered to my family member. This made my life so much easier and I’m glad I didn’t have to go out into traffic to get it.,5.0,POSITIVE,POSITIVE,True,True,3,JOY
63,84881,Three Stars,Cute little Xmas case,3.0,NEUTRAL,POSITIVE,False,True,0,JOY
64,85973,Beware of packaging,"I purchased a $50 gift card and had it sent to a relative. All of the online documentation indicated the recipient would not know what was in the package.  There was a box during the order process for a To: and From: and I also added ""Do Not Open Until Christmas"". The package arrived on the specified day but the label on the outside of the box did not have any indication of my note.  The recipient opened the box to find a sealed Amazon envelope and a packing slip.  The sealed envelope contained the gift card.  I figured the note should be here; nope.  I finally found the note on the packing slip.  OK, that's fine, but the packing slip also had the description of what was inside the sealed envelope including the denomination of the gift card; so much for a surprise.",3.0,NEUTRAL,NEGATIVE,False,True,0,ANGER
65,86392,There's truly little reason to buy a Fandango gift card ...,There's truly little reason to buy a Fandango gift card.  About 20% of it goes to &#34;Convenience Fees&#34;.  Just buy a gift card to the theater directly.,1.0,NEGATIVE,NEGATIVE,True,False,3,DISGUST
66,87290,Gift card arrived water damaged,Gift card arrived water damaged even though it was within plastic wrapping. Could not give it as a gift.,1.0,NEGATIVE,NEGATIVE,True,False,1,ANGER
67,88065,Hard to figure the value from outside.,Hard to figure the value from outside.,3.0,NEUTRAL,NEUTRAL,True,True,0,ANTICIPATION
68,88205,Gift Cards how can you rate gift cards,Gift Cards are gift cards...can't go wrong there.,5.0,POSITIVE,NEUTRAL,False,True,0,TRUST
69,88278,Mystery Gift,My daughter was gifted a card and has no way to determine value without redeeming!,1.0,NEGATIVE,NEGATIVE,True,False,1,ANGER
70,88805,Overcharged,"I purchased a Brother Compact Monochrome Laser Printer, HL-L2370DWXL, which included a promotional offer, ""Buy any Brother XL Printer, and receive a $20 gift card... Gift Card must be added to Shopping Cart, and offer will be reflected at Checkout."" I should not have been charged for this card. Very unhappy.",1.0,NEGATIVE,NEGATIVE,True,True,1,ANGER
71,90118,"Gift message was not left with package, my brother had no idea who it was from, very disappointing.",Should have given the gift message with the gift card so my brother knew who it was from.,3.0,NEUTRAL,NEGATIVE,False,False,0,SADNESS
72,90351,Attractive box and good gift for friends,It's always a good gift to thank friends. No other item is better than an Amazon gift card I believe. The gift box is attractive and good appearance.,3.0,NEUTRAL,POSITIVE,False,True,0,JOY
73,90794,Delivery,Missed promised date,1.0,NEGATIVE,NEGATIVE,True,False,1,ANGER
74,91556,OK Gift Card,OK Gift Card but the package was damaged,3.0,NEUTRAL,NEUTRAL,True,True,0,SADNESS
75,91578,No value!,Tried to purchase with the card. Said zero value.,1.0,NEGATIVE,NEGATIVE,True,True,2,ANGER
76,92743,DIFFICULT TO USE. BRING BACK THE OLD FORMAT!,DIFFICULT TO USE. BRING BACK THE OLD FORMAT!,1.0,NEGATIVE,NEGATIVE,True,True,457,ANGER
77,94183,Reloading my balance,"Love this site,never have any problems reloading.  Thank you.  C",5.0,POSITIVE,POSITIVE,True,True,0,JOY
78,94271,gift card,It makes it quick and easy when I add money for my in app purchases,5.0,POSITIVE,POSITIVE,True,True,0,JOY
79,94520,was not activated,I was trying to buy some thing and kept on saying that the card was invalid,1.0,NEGATIVE,NEGATIVE,True,True,1,ANGER
80,94930,Came without being loaded,"I bought this as a gift for my mother on Christmas.  When she went to use it, it had no money on it.  I had bought others that worked fine, but this one did not.  Unfortunately it ruined a holiday  present for family.",1.0,NEGATIVE,NEGATIVE,True,True,1,SADNESS
81,94939,Doesn't work,It doesn't work,1.0,NEGATIVE,NEGATIVE,True,True,0,ANGER
82,95229,I'm glad I did not give this card away as a ...,"I'm glad I did not give this card away as a gift because I would be embarrassed to find out that it did not work for the recipient when it was supposed to. I've called the phone number on the back of the card and it is activated and contains the appropriate balance. The card, however, did not read and was neither &#34;accepted or declined&#34;, as the manager was telling me this.<br /><br />I've gone to the company that operates the card and it referenced that any redemption issues should notify the retailer that issued the card. So now I wait to find out how I can use my card with a balance but cannot be read and processed.",2.0,NEGATIVE,NEGATIVE,True,True,8,ANGER
83,95903,great to use,liked points,5.0,POSITIVE,POSITIVE,True,True,0,JOY
84,96779,Cards were empty. Waste of money.,"Unable to redeem these cards, they each had $0 dollars on them. Money down the drain.",1.0,NEGATIVE,NEGATIVE,True,True,0,ANGER
85,97409,"Easy to load, was what I needed to complete a transaction","I was reminded that I can reload this card to help complete a purchase that I was short of only 50 cents. It loads money in an instant, and I was able to complete the transaction to receive item the very next day. I would like to thank the rep who reminded me I can do this, because I was frustrated and would have simply cancelled my order.",5.0,POSITIVE,POSITIVE,True,True,1,JOY
86,98185,not unusually,"unlike nothing, it was not special , I brought these for my spouse, he said the food was better in NJ",3.0,NEUTRAL,NEUTRAL,True,True,0,SADNESS
87,99210,One Star,Not very happy went to use this and it was not loaded with the $25 :(,1.0,NEGATIVE,NEGATIVE,True,True,1,SADNESS
88,100927,Having problems doing that,Trying to cancel it,3.0,NEUTRAL,NEGATIVE,False,True,0,ANGER
89,101906,Great gift idea,"Came quickly, and they loved they could what they want",5.0,POSITIVE,POSITIVE,True,True,0,JOY
90,102406,Did not work,I gave this to my friend As a gift it says there is money on the card but it will not work<br />It shut down a system at a store when they tried to use it. When you call it says money is on there but they can’t use it,1.0,NEGATIVE,NEGATIVE,True,False,0,ANGER
91,102765,Good,Ok,3.0,NEUTRAL,POSITIVE,False,False,0,JOY
92,102814,Leave yourself time to match gifts to recipients!,"Gift card tin arrived with Santa bag on time. However, the recipient information was tossed in the package without any reference to the actual gifts. Luckily I knew which tag went with which gift, and the gift values weee the same. However, this was a problem for gifts sent directly to recipients. The only gifts which were properly marked were the gift-wrapped items, but even those arrived with extra recipient tags adding to confusion. We should not have to build-a-gift at these prices. Amazon, you can do much better than this!",3.0,NEUTRAL,NEGATIVE,False,False,0,ANGER
93,103801,No specific comments,No specific comments,3.0,NEUTRAL,NEUTRAL,True,True,0,TRUST
94,104241,Five Stars,Great,5.0,POSITIVE,POSITIVE,True,True,0,JOY
95,105657,Scam,"Do not buy.  If you search gift car this comes up.  Thought I was buying 500 gift card to give away, instead it put it on my account.  I dealt with amazon chat and was told they are unable to return it or take it back and that I would have to purchase another gift card.  So I went and got my actual gift card went to checkout.... cannot use gift card balance to buy a gift card.  Ridiculous amazon cannot undo this purchase",1.0,NEGATIVE,NEGATIVE,True,True,3,ANGER
96,107946,This sux,Bad,1.0,NEGATIVE,NEGATIVE,True,True,0,ANGER
97,109835,It wasn't like the one on this page,I wasn't impressed with the tin. It wasn't like the one on this page. Get candy crush jelly saga.,3.0,NEUTRAL,NEGATIVE,False,True,0,DISGUST
98,110675,Refused at some restaurants,I gave four of these as gifts for Christmas.  Some restaurants will not take them.  Doesn’t make for a very good gift if you’re limited on where you can use them.,2.0,NEGATIVE,NEGATIVE,True,True,0,ANGER
99,110851,Card was not activated,"The card was not activated and by the time the person I sent it tried to use it, the card was declined and Amazon has no option to return it. I called the number on the back of the Visa card and was directed back to Amazon. $105 wasted.",1.0,NEGATIVE,NEGATIVE,True,True,0,ANGER
100,110854,Wht such a high purchase fee?,I think the service fee of $5.95 is too high.,3.0,NEUTRAL,NEGATIVE,False,True,0,ANGER
101,112404,Complete disregard to product quality.,"What a cutesy design on the product's page, right? I ordered this birthday one, and a graduation one. The graduation one was perfect; 5 stars, presentation, container, etc. This birthday one however, wasn't.<br /><br />They shipped it, WITHOUT THE OTHER CUPCAKE HALF.<br /><br />Someone shoved this half baked birthday card inside a brown envelope alongside a perfectly done one, and said ""Yep, this is fine!""",1.0,NEGATIVE,NEGATIVE,True,True,3,ANGER
102,112545,Disappointed in the bent tin.,I received this and it was so bent up that the cupcake tin wouldn’t close.  I was disappointed because it was for a child’s birthday gift.  I’ve purchased many gift cards and this is the only time I was unhappy with my purchase.,3.0,NEUTRAL,NEGATIVE,False,True,0,SADNESS
103,112943,Nice Packaging of the Gift Card,Loved the box it came in!,5.0,POSITIVE,POSITIVE,True,True,0,JOY
104,113096,how,dont know  when to reload..never comes up how to use and reload..am i getting my moneys worth as i don't know..no feed back on this,2.0,NEGATIVE,NEGATIVE,True,True,0,ANGER
105,113184,Convenient service but still some confusion?,The reload itself went fine but I had some problems re activating the reloaded card as my payment option. I'm still not sure how I got it to work...,3.0,NEUTRAL,NEUTRAL,True,True,2,SURPRISE
106,115160,Great Service!!,Received my card today in excellent condition and I know that I will have a very happy teenager come Christmas,5.0,POSITIVE,POSITIVE,True,True,1,JOY
107,115506,Five Stars,Great investment. I need more,5.0,POSITIVE,POSITIVE,True,True,0,JOY
108,117598,Look and Wait,difficult to find and no verification that I was successful in using online reload but overall OK,3.0,NEUTRAL,NEUTRAL,True,True,1,ANTICIPATION
109,118955,ok but I was offered a $10. gift promo ...,"ok  but I was offered a $10. gift promo for ordering it but did not receive it... and I ordered another $50.card with same promo and got card and no promotion., so I gave it a 3",3.0,NEUTRAL,NEUTRAL,True,True,0,ANGER
110,119798,One Star,i couldnt pre-order mp3 album with it,1.0,NEGATIVE,NEGATIVE,True,True,0,ANGER
111,120381,Loved it,Loved the special graduation icons,5.0,POSITIVE,POSITIVE,True,True,0,JOY
112,121634,$100 Amazon gift card,Excellent!  Design was nice,5.0,POSITIVE,POSITIVE,True,True,0,JOY
113,122436,What headline?,I thought I could use it for subscription or something. Couldn't. Currently I don't know what to do with it or how to use it...,1.0,NEGATIVE,NEGATIVE,True,True,0,ANGER
114,123544,Loved how easy it is to use,It was super easy to top up and super giftable,5.0,POSITIVE,POSITIVE,True,True,0,JOY
115,123616,Nice product but…,Purchased these to add to teacher appreciation gifts. The gift card holders/envelopes are really nice and make for very nice presentation. However I ordered three and one came destroyed. There are no holes in the plastic but it is stretched like someone purposely ripped the envelope open. The claim sticker is not removed so I don’t believe the gift card has been compromised. But if someone ordered these they are likely for a gift so why would you send one that is destroyed.,3.0,NEUTRAL,NEUTRAL,True,True,1,ANGER
116,124705,"Amazon, really,  you can do better than this!!","It is a rip off!  I should have read the reviews.  Amazon, really, you can do better than this.... my trust level for your company just went down.  This is the second time this month I have bought a non returnable item from Amazon.",1.0,NEGATIVE,NEGATIVE,True,True,1,ANGER
117,126733,Great idea for a grad...,Ordered 2...one was fine the other damaged.  I am sure the recent grad wont care...just frustrating.,3.0,NEUTRAL,NEUTRAL,True,True,0,ANGER
118,128395,Connections Account not safe for gift cards,"We purchase gift cards every year from Cinemark and reload them throughout the year. We listened to the advertising and advice from Cinemark and added our giftcard to our connection account a little over a year ago. BIG MISTAKE! Cinemark does not have good protection from cyber hackers for their connection site. Thus our giftcard was hacked from the connections site and we lost $225.00 of our giftcard balance when that balance was stolen from their site and used over 800 miles a way to, I guess, have an expensive movie night out! I wish we had ignored Cinemark and their advertising as if we had just used the giftcard we purchased and taken it out of our wallet to pay and not linked the GC number to our account we would still have $225.01 that was haced.<br /><br />Cinemark also does not honor their guests. We have been treated rudely. Told musinformation, like that their loss prevention team would call yet that has never happened. Also asked to be able to speak to corporate about our situation only to have our requests fall on deaf ears. We filed a police report, but could not give completed information as we have been unable to speak with loss prevention about exactly what happened. How was our account hacked? Were other accounts hacked? So today we also filed a complaint against Cinemark USA Inc. For lack of customer service, failure to secure their site while protecting people's money and still advertising to people to add your GC to that unsafe site! Protect yourself. Buy your giftcard, keep it safe in your wallet and enjoy it from there. That way you keep what is yours! Don't let Cibemark lose what is yours! Trust me they won't do anything about it and they won't give the lost money back!",1.0,NEGATIVE,NEGATIVE,True,False,3,ANGER
119,128934,Three Stars,This tin came all dented.,3.0,NEUTRAL,NEGATIVE,False,True,0,ANGER
120,129479,I really like these gift cards,I really like these gift cards. They are a lot nicer than the gift cards you can buy in the stores.,5.0,POSITIVE,POSITIVE,True,True,0,JOY
121,130395,A nightmare,There is no simple way to get these v bucks onto a secondary account on ps4. Epic games and PlayStation are both no help in fixing the issue either,1.0,NEGATIVE,NEGATIVE,True,True,0,ANGER
122,131243,Beautiful box for presentation.,"Kind of hard to open, would prefer it to open on the top.?",3.0,NEUTRAL,NEUTRAL,True,True,0,ANTICIPATION
123,131420,Five Stars,excellent,5.0,POSITIVE,POSITIVE,True,True,0,JOY
124,132469,HORRIBLE GIFT CARD,CUSTOMER SERVICE IS TERRIBLE,1.0,NEGATIVE,NEGATIVE,True,False,2,ANGER
125,132494,"Would have been nice if the ""this is a gift"" line was noticed ...",This was a gift item and the person receiving said there was no information from where it came.  She had to send an embarrassing text to find out &#34;who sent the Amazon gift card&#34;.  Would have been nice if the &#34;this is a gift&#34; line was noticed with to and from.,3.0,NEUTRAL,NEGATIVE,False,False,1,ANGER
126,132501,One card was empty,I have them as gifts but one card has nothing on it,1.0,NEGATIVE,NEGATIVE,True,True,0,ANGER
127,132751,"DON'T BUY, UNUSABLE","Worthless, can't be used towards any type of special spotify account (Student, family etc.).<br /><br />Also couldn't be returned after I discovered this trap.<br /><br />Spotify are a bunch of blood sucking leeches who deserve more 1 star ratings for this. I'm literally canceling my own spotify premium and switching to Pandora just because of this putrid experience.",1.0,NEGATIVE,NEGATIVE,True,True,0,ANGER
128,133998,Limited use,This gift card cannot be used at Starbucks in a Barnes and nobles store.,3.0,NEUTRAL,NEGATIVE,False,True,0,ANTICIPATION
129,135748,Why don’t you include the amount?!,I read reviews that the total wouldn’t be on the cards. I was fine with it. Until I learned I’d have to scratch every gift card code on the back to figure out the totals. Now they look used and have to give them to my kids teachers. Ridiculous. I’d imagine these are pretty loaded In the warehouse waiting to go out? Put the amount on the plastic bag they come in. It’s really not that complicated.,3.0,NEUTRAL,NEGATIVE,False,True,1,ANGER
130,136513,Very nice.,Arrived next day. Cool little tin. People really liked the packaging. Nice addition to the standard gift card. Definitely will buy again.,5.0,POSITIVE,POSITIVE,True,True,0,JOY
131,137065,Prepare to wait...,They claim it will take 5 minutes... more like over an hour every time.. this is inconvenient  and almost funny because when the money goes directly through it should automatically  reflect on the balance... sorry amazon buy this process is broken..,2.0,NEGATIVE,NEGATIVE,True,True,6,ANGER
132,137864,Santa Gift Card Box,"Great gift card presentation device.  However, the paint on edges of the lids was marred/chipped.  Ordered replacements still not perfect.",3.0,NEUTRAL,NEUTRAL,True,True,0,ANGER
133,137927,RIP OFF,What a rip off had on watch list and hit add to cart right away and put on waiting list,1.0,NEGATIVE,NEGATIVE,True,False,1,ANGER
134,140507,Envelopes were too small for the cards!,The envelopes were too small for the cards,1.0,NEGATIVE,NEGATIVE,True,True,1,ANGER
135,141116,Was not activated,Was not activated.,1.0,NEGATIVE,NEGATIVE,True,True,0,ANGER
136,141300,Fun for birthdays,Great birthday gift.,5.0,POSITIVE,POSITIVE,True,True,0,JOY
137,141586,Great,Great.,5.0,POSITIVE,POSITIVE,True,True,0,JOY
138,144315,How much is on the card?,I ordered several gift cards at different amounts.  They all came in the same package and there's no way to tell which one is which.,3.0,NEUTRAL,NEGATIVE,False,True,0,ANGER
139,144603,Call the number on the back to register card DO NOT USE SITE,2/3 worked fine trying to get Amazon to fix the last card because a google charge ended up there that wasn’t me. People are using fake sites to steal money so just call the number on the back of the card to avoid your money going missing and try to transfer it to a personal card if you can,3.0,NEUTRAL,NEGATIVE,False,False,2,FEAR
140,144676,Five Stars,"real benefits, thanks",5.0,POSITIVE,POSITIVE,True,True,0,JOY
141,146498,Confusing!!,Very confusing!,3.0,NEUTRAL,NEGATIVE,False,True,0,ANGER
142,147566,Gift card,Awesome,5.0,POSITIVE,POSITIVE,True,True,0,JOY
143,147837,I recieved only 16.,"Orginal order was for 18 cards, I recievd only 16.",1.0,NEGATIVE,NEGATIVE,True,True,1,ANGER
144,148143,Could not use,I don’t think it has anything on it,3.0,NEUTRAL,NEGATIVE,False,True,0,ANGER
145,148302,Oh boy!,Good stuff.,3.0,NEUTRAL,POSITIVE,False,False,0,JOY
146,148765,Four Stars,Granddaughter was very happy with it.,4.0,POSITIVE,POSITIVE,True,True,0,JOY
147,148854,"Horrible, horrible, horrible!! Do NOT order from this SHAM company!","I don't know what kind of sweatshop these guys are running, but I've had problems with them since day ONE--I tried to give them ZERO STARS, but I HAD to give them at least one (which is being generous, in my opinion). I ordered my cards well in advance, and they still did not arrive on time. When I called the company to figure out what the issue was, they sent my phone call to somewhere in India--I was put on hold numerous times while they scrambled around trying to figure out what was going on with an order they had sent. When they finally had some information, they GUARANTEED a delivery date--the date passed with NO cards in the mail whatsoever. Apparently, this 'company' (and I use that term very loosely) takes 2+ weeks to process and send out FAULTY orders.<br /><br />When the individual DID receive the card it looked as though it had been used, and did not even WORK. When I explained to 'GiftCard Mall' what had happened, and told them that my mother said it looked like the card was in rough condition (the individual at the store the card was purchased for, in fact, confirmed the card HAD been reloaded--she had guessed it was multiple times from the shape the card was in), they implied that she was lying about it! The manager I spoke with on the phone was constantly interrupting me and trying to speak over me while I was trying to explain myself--trying to convince me that the United States Postal Service doesn't have tracking numbers. I told the manager that I was guaranteed a delivery date when I called previously, at the very least I expect a company to stick by the guarantees THEY offer, but apparently this company does NOT stick by their promises. The records they had of my previous conversation was entirely lacking, and instead of trying to resolve the issue the 'manager' (I say this because he was both condescending and unprofessional) then sent me off to get lost in the paperwork of some 'corporate office.'<br /><br />I love Amazon, and I love the convenience of online shopping--I would have been a FREQUENT customer of GiftCard Mall, but this business isn't a business at all. These guys take your order and your HARD-EARNED MONEY, and then throw an old, previously used giftcard in the mail hoping it's the right store, with the right amount, going to the right location--if not, oh well! It will be your fault...but only because you still chose to order from them after reading this.<br /><br />From now on, I will be buying my giftcards the old-fashioned way--if it ain't broke...",1.0,NEGATIVE,NEGATIVE,True,True,80,ANGER
148,150017,Very cute!,Very cute and arrived on time.,5.0,POSITIVE,POSITIVE,True,False,0,JOY
149,151039,One Star,This card was not activated for use. Could not return it.,1.0,NEGATIVE,NEGATIVE,True,True,0,ANGER
150,151653,That I can use it,The one did not work.  Won’t buy again,1.0,NEGATIVE,NEGATIVE,True,True,1,ANGER
